Category,Top Category
Auto & Transport,Auto & Transport
Auto Insurance,Auto & Transport
Auto Payment,Auto & Transport
Gas & Fuel,Auto & Transport
Parking,Auto & Transport
Public Transportation,Auto & Transport
Service & Parts,Auto & Transport
Bills & Utilities,Bills & Utilities
Home Phone,Bills & Utilities
Internet,Bills & Utilities
Mobile Phone,Bills & Utilities
Television,Bills & Utilities
Utilities,Bills & Utilities
Advertising,Business Services
Business Services,Business Services
Legal,Business Services
Office Supplies,Business Services
Printing,Business Services
Shipping,Business Services
Books & Supplies,Education
Conferences,Education
Education,Education
Student Loan,Education
Tuition,Education
Amusement,Entertainment
Arts,Entertainment
Entertainment,Entertainment
Movies & DVDs,Entertainment
Music,Entertainment
Newspapers & Magazines,Entertainment
ATM Fee,Fees & Charges
Bank Fee,Fees & Charges
Fees & Charges,Fees & Charges
finance Charge,Fees & Charges
Late Fee,Fees & Charges
Service Fee,Fees & Charges
Trade Commissions,Fees & Charges
Financial,Financial
Financial Advisor,Financial
Life Insurance,Financial
Alcohol & Bars,Food & Dining
Coffee Shops,Food & Dining
Fast Food,Food & Dining
Food & Dining,Food & Dining
Groceries,Food & Dining
Restaurants,Food & Dining
Charity,Gift & Donations
Gift,Gift & Donations
Gift & Donations,Gift & Donations
Dentist,Health & Fitness
Doctor,Health & Fitness
Eyecare,Health & Fitness
Gym,Health & Fitness
Health & Fitness,Health & Fitness
Health Insurance,Health & Fitness
Pharmacy,Health & Fitness
Sports,Health & Fitness
Furnishings,Home
Home,Home
Home Improvement,Home
Home Insurance,Home
Home Services,Home
Home Supplies,Home
Lawn & Garden,Home
Mortgage & Rent,Home
Bonus,Income
Income,Income
Interest Income,Income
Paycheck,Income
Paycheque,Income
Reimbursement,Income
Rental Income,Income
Returned Purchase,Income
Buy,Investments
Deposit,Investments
Dividend & Cap Gains,Investments
Investments,Investments
Sell,Investments
Withdrawal,Investments
Alloawnce,Kids
Baby Supplies,Kids
Babysitter & Daycare,Kids
Child Support,Kids
Kids,Kids
Kids Activities,Kids
Toys,Kids
Loan Fees and Charges,Loans
Loan Insurance,Loans
Loan Interest,Loans
Loan Payment,Loans
Loan Principal,Loans
Loans,Loans
Misc Expenses,Misc Expenses
Hair,Personal Care
Laundry,Personal Care
Personal Care,Personal Care
Spa & Massage,Personal Care
Pet Food & Supplies,Pets
Pet Grooming,Pets
Pets,Pets
Veterinary,Pets
Books,Shopping
Books & Supplies,Shopping
Clothing,Shopping
Electronics & Software,Shopping
Hobbies,Shopping
Shopping,Shopping
Sporting Goods,Shopping
Federal Tax,Taxes
Local Tax,Taxes
Property Tax,Taxes
Provincial Tax,Taxes
Sales Tax,Taxes
Taxes,Taxes
Credit Card Payment,Transfer
Transfer,Transfer
Transfer for Cash Spending,Transfer
Air Travel,Travel
Hotel,Travel
Rental Car & Taxi,Travel
Travel,Travel
Vacation,Travel
Cash & ATM,Uncategorized
Check,Uncategorized
Cheque,Uncategorized
Uncategorized,Uncategorized
Finance Charge,Fees & Charges
